Title,Company,Position,Region,url
"Director, Development",Honestly,Full-Time,USA Only,https://weworkremotely.com/remote-jobs/honestly-director-development
Senior DevOps Engineer (Azure),Proxify AB,Full-Time,Latin America Only/Europe Only/EMEA Only,https://weworkremotely.com/remote-jobs/proxify-ab-senior-devops-engineer-azure
Senior DevOps Engineer (AWS),Proxify AB,Full-Time,Latin America Only/Europe Only/EMEA Only,https://weworkremotely.com/remote-jobs/proxify-ab-senior-devops-engineer-aws
Sr. Virtual environment management and test developer,LifeAnalytics,Full-Time,Anywhere in the World,https://weworkremotely.com/remote-jobs/lifeanalytics-sr-virtual-environment-management-and-test-developer
OpenStack Cloud Engineer (DevOps),"VEXXHOST, Inc.",Full-Time,Anywhere in the World,https://weworkremotely.com/remote-jobs/vexxhost-inc-openstack-cloud-engineer-devops
Senior DevOps Engineer,FreeWill,Full-Time,USA Only,https://weworkremotely.com/remote-jobs/freewill-senior-devops-engineer
Site Reliability Engineer,MailerLite,Full-Time,,https://weworkremotely.com/remote-jobs/mailerlite-site-reliability-engineer
C++ Software Platform Engineer (Device Drivers),Structure.io,Full-Time,Anywhere in the World,https://weworkremotely.com/remote-jobs/structure-io-cpp-software-platform-engineer-device-drivers
"Senior Technical Documentation Engineer (Remote, Canada)",Ground News,Full-Time,Canada Only,https://weworkremotely.com/remote-jobs/ground-news-senior-technical-documentation-engineer-remote-canada
